Workbook

Sheet Fornecedores
A1: codigo contas | B1: nome fornecedores
A2: 505 | B2: FORNECEDOR PARA NOTAS CANCELADAS
A3: 506 | B3: FORNECEDOR MODELO
A4: 512 | B4: MUNDO DOS FERROS DIST. DE FERROS E ACO LTDA
A5: 514 | B5: Nova Era Mineracao Ltda
A6: 516 | B6: COMERCIAL INSTALADORA JODE LTDA- EPP -63-3215-1155
A7: 519 | B7: ENCANEL COM. DE MAT. DE CONST. LTDA
A8: 520 | B8: RENACOR COM. DE TINTAS LTDA (TAQUARALTO)
A9: 522 | B9: HILTON GANDRA DE ARRUDA E FILHOS LTDA - EPP
A10: 524 | B10: ANTONIO PEREIRA MARTINS NETO EPP
A11: 526 | B11: FERPAM COM. DE FERRAMENTAS PARAFUSOS E MAQUINAS LTDA
A12: 528 | B12: FERROTEC DISTRIBUIDORA DE FERRO E ACO LTDA.
A13: 530 | B13: MINAS GERAIS COMERCIO DE MADEIRAS LTDA
... A757: 2350 | B757: HOSPITAL DE OLHOS DO TOCANTINS LTDA

Sheet Lançamentos
A5: Data | C5: Débito | D5: Crédito | E5: Valor | G5: Débito-Crédito | I5: Histórico | N5: fornecedores
A6: 46239 | C6: 5 | D6: 467 | E6: 352.83 | G6: 0 | J6: DEVOLUÇÃO DE COMPRAS | N6: =IFERROR(VLOOKUP(D6, Fornecedores!A:B, 2, FALSE), "")
A7: 46239 | D7: 5 | E7: 349.68 | G7: 0 | J7: COMPRAS DE MERCADORIAS NESTA DATA | N7: =IFERROR(VLOOKUP(D7, Fornecedores!A:B, 2, FALSE), "")
A8: 46239 | C8: 1021 | D8: 5 | E8: 146 | G8: 0 | J8: COMPRAS DE MERCADORIAS NESTA DATA | N8: =IFERROR(VLOOKUP(C8, Fornecedores!A:B, 2, FALSE), "")
A9: 46239 | C9: 1021 | D9: 5 | E9: 433 | G9: 0 | J9: COMPRAS DE MERCADORIAS NESTA DATA | N9: =IFERROR(VLOOKUP(C9, Fornecedores!A:B, 2, FALSE), "")
A10: 46239 | C10: 1021 | D10: 5 | E10: 203.5 | G10: 0 | J10: COMPRAS DE MERCADORIAS NESTA DATA | N10: =IFERROR(VLOOKUP(C10, Fornecedores!A:B, 2, FALSE), "")
A11: 46239 | C11: 913 | D11: 5 | E11: 450.19 | G11: 0 | J11: COMPRAS DE MERCADORIAS NESTA DATA | N11: =IFERROR(VLOOKUP(C11, Fornecedores!A:B, 2, FALSE), "")
A12: 46239 | C12: 1021 | D12: 5 | E12: 4493.2 | G12: 0 | J12: COMPRAS DE MERCADORIAS NESTA DATA | N12: =IFERROR(VLOOKUP(C12, Fornecedores!A:B, 2, FALSE), "")
A13: 46239 | C13: 1021 | D13: 5 | E13: 18 | G13: 0 | J13: COMPRAS DE MERCADORIAS NESTA DATA | N13: =IFERROR(VLOOKUP(C13, Fornecedores!A:B, 2, FALSE), "")
A14: 46239 | C14: 1021 | D14: 5 | E14: 94.91 | G14: 0 | J14: COMPRAS DE MERCADORIAS NESTA DATA | N14: =IFERROR(VLOOKUP(C14, Fornecedores!A:B, 2, FALSE), "")
A15: 46239 | C15: 1021 | D15: 5 | E15: 22.09 | G15: 0 | J15: COMPRAS DE MERCADORIAS NESTA DATA | N15: =IFERROR(VLOOKUP(C15, Fornecedores!A:B, 2, FALSE), "")
A16: 46239 | D16: 5 | E16: 13800 | G16: 0 | J16: COMPRAS DE MERCADORIAS NESTA DATA | N16: =IFERROR(VLOOKUP(D16, Fornecedores!A:B, 2, FALSE), "")
A17: 46239 | D17: 5 | E17: 480 | G17: 0 | J17: COMPRAS DE MERCADORIAS NESTA DATA | N17: =IFERROR(VLOOKUP(D17, Fornecedores!A:B, 2, FALSE), "")
A18: 46239 | D18: 5 | E18: 119.76 | G18: 0 | J18: COMPRAS DE MERCADORIAS NESTA DATA | N18: =IFERROR(VLOOKUP(D18, Fornecedores!A:B, 2, FALSE), "")
A19: 46239 | D19: 5 | E19: 23 | G19: 0 | J19: COMPRAS DE MERCADORIAS NESTA DATA | N19: =IFERROR(VLOOKUP(D19, Fornecedores!A:B, 2, FALSE), "")
A20: 46239 | D20: 5 | E20: 126 | G20: 0 | J20: COMPRAS DE MERCADORIAS NESTA DATA | N20: =IFERROR(VLOOKUP(D20, Fornecedores!A:B, 2, FALSE), "")
A21: 46239 | C21: 2249 | D21: 514 | E21: 1690 | G21: 0 | J21: COMPRAS DE MERCADORIAS NESTA DATA | N21: =IFERROR(VLOOKUP(D21, Fornecedores!A:B, 2, FALSE), "") -> Nova Era Mineracao Ltda
A22: 46239 | C22: 1647 | D22: 519 | E22: 276.44 | G22: 0 | J22: COMPRAS DE MERCADORIAS NESTA DATA | N22: =IFERROR(VLOOKUP(D22, Fornecedores!A:B, 2, FALSE), "") -> ENCANEL COM. DE MAT. DE CONST. LTDA
A23: 46239 | C23: 926 | D23: 520 | E23: 1723.63 | G23: 0 | J23: COMPRAS DE MERCADORIAS NESTA DATA | N23: =IFERROR(VLOOKUP(D23, Fornecedores!A:B, 2, FALSE), "") -> RENACOR COM. DE TINTAS LTDA (TAQUARALTO)
A24: 46239 | C24: 926 | D24: 520 | E24: 35196 | G24: 0 | J24: COMPRAS DE MERCADORIAS NESTA DATA | N24: =IFERROR(VLOOKUP(D24, Fornecedores!A:B, 2, FALSE), "") -> RENACOR COM. DE TINTAS LTDA (TAQUARALTO)
A25: 46239 | C25: 917 | D25: 520 | E25: 128 | G25: 0 | J25: COMPRAS DE MERCADORIAS NESTA DATA | N25: =IFERROR(VLOOKUP(D25, Fornecedores!A:B, 2, FALSE), "") -> RENACOR COM. DE TINTAS LTDA (TAQUARALTO)
A26: 46239 | C26: 916 | D26: 520 | E26: 482.82 | G26: 0 | J26: COMPRAS DE MERCADORIAS NESTA DATA | N26: =IFERROR(VLOOKUP(D26, Fornecedores!A:B, 2, FALSE), "") -> RENACOR COM. DE TINTAS LTDA (TAQUARALTO)
A27: 46239 | C27: 1027 | D27: 522 | E27: 231 | G27: 0 | J27: COMPRAS DE MERCADORIAS NESTA DATA | N27: =IFERROR(VLOOKUP(D27, Fornecedores!A:B, 2, FALSE), "") -> HILTON GANDRA DE ARRUDA E FILHOS LTDA - EPP
A28: 46239 | C28: 928 | D28: 526 | E28: 590.14 | G28: 0 | J28: COMPRAS DE MERCADORIAS NESTA DATA | N28: =IFERROR(VLOOKUP(D28, Fornecedores!A:B, 2, FALSE), "") -> FERPAM COM. DE FERRAMENTAS PARAFUSOS E MAQUINAS LTDA
A29: 46239 | C29: 2125 | D29: 1295 | E29: 22585.7 | G29: 0 | J29: COMPRAS DE MERCADORIAS NESTA DATA | N29: =IFERROR(VLOOKUP(D29, Fornecedores!A:B, 2, FALSE), "") -> DIVIPLACAS COMERCIO E SERVICOS DE DIVISORIAS LTDA
A30: 46239 | C30: 2125 | D30: 1295 | E30: 541.4 | G30: 0 | J30: COMPRAS DE MERCADORIAS NESTA DATA | N30: =IFERROR(VLOOKUP(D30, Fornecedores!A:B, 2, FALSE), "") -> DIVIPLACAS COMERCIO E SERVICOS DE DIVISORIAS LTDA
A31: 46239 | C31: 1185 | D31: 1363 | E31: 47152.81 | G31: 0 | J31: COMPRAS DE MERCADORIAS NESTA DATA | N31: =IFERROR(VLOOKUP(D31, Fornecedores!A:B, 2, FALSE), "") -> LOCGO PALMAS LOCADORA DE EQUIPAMENTOS PARA CONSTRUCAO LTDA
A32: 46239 | C32: 1185 | D32: 1363 | E32: 37500 | G32: 0 | J32: COMPRAS DE MERCADORIAS NESTA DATA | N32: =IFERROR(VLOOKUP(D32, Fornecedores!A:B, 2, FALSE), "") -> LOCGO PALMAS LOCADORA DE EQUIPAMENTOS PARA CONSTRUCAO LTDA
... A44: 46239 | C44: 1025 | D44: 2170 | E44: 240 | G44: 0 | J44: COMPRAS DE MERCADORIAS NESTA DATA | N44: =IFERROR(VLOOKUP(D44, Fornecedores!A:B, 2, FALSE), "") -> 53595751 IAN BRUNO DA CUNHA ARRUDA
A45: 46240 | C45: 1021 | D45: 5 | E45: 26.91 | G45: 0 | J45: COMPRAS DE MERCADORIAS NESTA DATA | N45: =IFERROR(VLOOKUP(C45, Fornecedores!A:B, 2, FALSE), "")
A46: 46240 | C46: 1021 | D46: 5 | E46: 18 | G46: 0 | J46: COMPRAS DE MERCADORIAS NESTA DATA | N46: =IFERROR(VLOOKUP(C46, Fornecedores!A:B, 2, FALSE), "")
A47: 46240 | C47: 1021 | D47: 5 | E47: 20.95 | G47: 0 | J47: COMPRAS DE MERCADORIAS NESTA DATA | N47: =IFERROR(VLOOKUP(C47, Fornecedores!A:B, 2, FALSE), "")
A48: 46240 | C48: 1021 | D48: 5 | E48: 3.99 | G48: 0 | J48: COMPRAS DE MERCADORIAS NESTA DATA | N48: =IFERROR(VLOOKUP(C48, Fornecedores!A:B, 2, FALSE), "")
A49: 46240 | C49: 1021 | D49: 5 | E49: 4 | G49: 0 | J49: COMPRAS DE MERCADORIAS NESTA DATA | N49: =IFERROR(VLOOKUP(C49, Fornecedores!A:B, 2, FALSE), "")
A50: 46240 | C50: 1021 | D50: 5 | E50: 118 | G50: 0 | J50: COMPRAS DE MERCADORIAS NESTA DATA | N50: =IFERROR(VLOOKUP(C50, Fornecedores!A:B, 2, FALSE), "")
A51: 46240 | C51: 963 | D51: 5 | E51: 1221.1 | G51: 0 | J51: COMPRAS DE MERCADORIAS NESTA DATA | N51: =IFERROR(VLOOKUP(C51, Fornecedores!A:B, 2, FALSE), "")
A52: 46240 | C52: 2050 | D52: 5 | E52: 125.31 | G52: 0 | J52: COMPRAS DE MERCADORIAS NESTA DATA | N52: =IFERROR(VLOOKUP(C52, Fornecedores!A:B, 2, FALSE), "")
A53: 46240 | C53: 1021 | D53: 5 | E53: 20.88 | G53: 0 | J53: COMPRAS DE MERCADORIAS NESTA DATA | N53: =IFERROR(VLOOKUP(C53, Fornecedores!A:B, 2, FALSE), "")
A54: 46240 | C54: 1021 | D54: 5 | E54: 1960 | G54: 0 | J54: COMPRAS DE MERCADORIAS NESTA DATA | N54: =IFERROR(VLOOKUP(C54, Fornecedores!A:B, 2, FALSE), "")
A55: 46240 | D55: 5 | E55: 7087.5 | G55: 0 | J55: COMPRAS DE MERCADORIAS NESTA DATA | N55: =IFERROR(VLOOKUP(D55, Fornecedores!A:B, 2, FALSE), "")
A56: 46240 | D56: 5 | E56: 772.5 | G56: 0 | J56: COMPRAS DE MERCADORIAS NESTA DATA | N56: =IFERROR(VLOOKUP(D56, Fornecedores!A:B, 2, FALSE), "")
A57: 46240 | D57: 5 | E57: 1577.3 | G57: 0 | J57: COMPRAS DE MERCADORIAS NESTA DATA | N57: =IFERROR(VLOOKUP(D57, Fornecedores!A:B, 2, FALSE), "")
A58: 46240 | D58: 5 | E58: 46 | G58: 0 | J58: COMPRAS DE MERCADORIAS NESTA DATA | N58: =IFERROR(VLOOKUP(D58, Fornecedores!A:B, 2, FALSE), "")
A59: 46240 | D59: 5 | E59: 25000 | G59: 0 | J59: COMPRAS DE MERCADORIAS NESTA DATA | N59: =IFERROR(VLOOKUP(D59, Fornecedores!A:B, 2, FALSE), "")
A60: 46240 | D60: 5 | E60: 125 | G60: 0 | J60: COMPRAS DE MERCADORIAS NESTA DATA | N60: =IFERROR(VLOOKUP(D60, Fornecedores!A:B, 2, FALSE), "")
A61: 46240 | C61: 514 | D61: 514 | E61: 1200 | G61: 0 | J61: COMPRAS DE MERCADORIAS NESTA DATA | N61: =IFERROR(VLOOKUP(C61, Fornecedores!A:B, 2, FALSE), "") -> Nova Era Mineracao Ltda
A62: 46240 | C62: 520 | D62: 520 | E62: 2598 | G62: 0 | J62: COMPRAS DE MERCADORIAS NESTA DATA | N62: =IFERROR(VLOOKUP(C62, Fornecedores!A:B, 2, FALSE), "") -> RENACOR COM. DE TINTAS LTDA (TAQUARALTO)
A63: 46240 | C63: 526 | D63: 526 | E63: 90.27 | G63: 0 | J63: COMPRAS DE MERCADORIAS NESTA DATA | N63: =IFERROR(VLOOKUP(C63, Fornecedores!A:B, 2, FALSE), "") -> FERPAM COM. DE FERRAMENTAS PARAFUSOS E MAQUINAS LTDA
A64: 46240 | C64: 526 | D64: 526 | E64: 75.08 | G64: 0 | J64: COMPRAS DE MERCADORIAS NESTA DATA | N64: =IFERROR(VLOOKUP(C64, Fornecedores!A:B, 2, FALSE), "") -> FERPAM COM. DE FERRAMENTAS PARAFUSOS E MAQUINAS LTDA
A65: 46240 | C65: 528 | D65: 528 | E65: 270 | G65: 0 | J65: COMPRAS DE MERCADORIAS NESTA DATA | N65: =IFERROR(VLOOKUP(C65, Fornecedores!A:B, 2, FALSE), "") -> FERROTEC DISTRIBUIDORA DE FERRO E ACO LTDA.
A66: 46240 | C66: 655 | D66: 655 | E66: 10316.99 | G66: 0 | J66: COMPRAS DE MERCADORIAS NESTA DATA | N66: =IFERROR(VLOOKUP(C66, Fornecedores!A:B, 2, FALSE), "") -> DIST. DE FERROS E ACO B-R LTDA
A67: 46240 | C67: 1295 | D67: 1295 | E67: 2121.5 | G67: 0 | J67: COMPRAS DE MERCADORIAS NESTA DATA | N67: =IFERROR(VLOOKUP(C67, Fornecedores!A:B, 2, FALSE), "") -> DIVIPLACAS COMERCIO E SERVICOS DE DIVISORIAS LTDA
A68: 46240 | C68: 1295 | D68: 1295 | E68: 133.2 | G68: 0 | J68: COMPRAS DE MERCADORIAS NESTA DATA | N68: =IFERROR(VLOOKUP(C68, Fornecedores!A:B, 2, FALSE), "") -> DIVIPLACAS COMERCIO E SERVICOS DE DIVISORIAS LTDA
A69: 46240 | C69: 1376 | D69: 1376 | E69: 19920 | G69: 0 | J69: COMPRAS DE MERCADORIAS NESTA DATA | N69: =IFERROR(VLOOKUP(C69, Fornecedores!A:B, 2, FALSE), "") -> E R SOUSA FILHO LTDA
A70: 46240 | C70: 1706 | D70: 1706 | E70: 22346.06 | G70: 0 | J70: COMPRAS DE MERCADORIAS NESTA DATA | N70: =IFERROR(VLOOKUP(C70, Fornecedores!A:B, 2, FALSE), "") -> Dexco S.A.
A71: 46240 | C71: 1706 | D71: 1706 | E71: 4986.75 | G71: 0 | J71: COMPRAS DE MERCADORIAS NESTA DATA | N71: =IFERROR(VLOOKUP(C71, Fornecedores!A:B, 2, FALSE), "") -> Dexco S.A.
A72: 46240 | C72: 2086 | D72: 2086 | E72: 1890 | G72: 0 | J72: COMPRAS DE MERCADORIAS NESTA DATA | N72: =IFERROR(VLOOKUP(C72, Fornecedores!A:B, 2, FALSE), "") -> PREMOLTINS CONSTRUCOES E PREMOLDADOS LTDA
... A151: 46244 | C151: 526 | D151: 526 | E151: 53.03 | G151: 0 | J151: COMPRAS DE MERCADORIAS NESTA DATA | N151: =IFERROR(VLOOKUP(C151, Fornecedores!A:B, 2, FALSE), "") -> FERPAM COM. DE FERRAMENTAS PARAFUSOS E MAQUINAS LTDA
A152: 46244 | C152: 1234 | D152: 550 | E152: 2825 | G152: 0 | J152: COMPRAS DE MERCADORIAS NESTA DATA | N152: =IFERROR(VLOOKUP(C152, Fornecedores!A:B, 2, FALSE), "")
A153: 46244 | C153: 655 | D153: 655 | E153: 10316.99 | G153: 0 | J153: COMPRAS DE MERCADORIAS NESTA DATA | N153: =IFERROR(VLOOKUP(C153, Fornecedores!A:B, 2, FALSE), "") -> DIST. DE FERROS E ACO B-R LTDA
A154: 46244 | C154: 1305 | D154: 1305 | E154: 6985.5 | G154: 0 | J154: COMPRAS DE MERCADORIAS NESTA DATA | N154: =IFERROR(VLOOKUP(C154, Fornecedores!A:B, 2, FALSE), "") -> EXITO EXTINTORES LTDA
A155: 46244 | C155: 1376 | D155: 1376 | E155: 1078 | G155: 0 | J155: COMPRAS DE MERCADORIAS NESTA DATA | N155: =IFERROR(VLOOKUP(C155, Fornecedores!A:B, 2, FALSE), "") -> E R SOUSA FILHO LTDA
A156: 46244 | C156: 1393 | D156: 1393 | E156: 241.25 | G156: 0 | J156: COMPRAS DE MERCADORIAS NESTA DATA | N156: =IFERROR(VLOOKUP(C156, Fornecedores!A:B, 2, FALSE), "") -> FERPAM COMERCIO DE BORRACHAS LTDA
A157: 46244 | C157: 1410 | D157: 1410 | E157: 271.34 | G157: 0 | J157: COMPRAS DE MERCADORIAS NESTA DATA | N157: =IFERROR(VLOOKUP(C157, Fornecedores!A:B, 2, FALSE), "") -> CASA DO FAXINEIRO LTDA.
A158: 46244 | C158: 1433 | D158: 1433 | E158: 8327.89 | G158: 0 | J158: COMPRAS DE MERCADORIAS NESTA DATA | N158: =IFERROR(VLOOKUP(C158, Fornecedores!A:B, 2, FALSE), "") -> Construpiso Com. de materiais p/ constr. LTDA-EPP
A159: 46244 | C159: 1563 | D159: 1563 | E159: 3069.91 | G159: 0 | J159: COMPRAS DE MERCADORIAS NESTA DATA | N159: =IFERROR(VLOOKUP(C159, Fornecedores!A:B, 2, FALSE), "") -> NERD FONE LTDA
A160: 46244 | C160: 1573 | D160: 1573 | E160: 1135 | G160: 0 | J160: COMPRAS DE MERCADORIAS NESTA DATA | N160: =IFERROR(VLOOKUP(C160, Fornecedores!A:B, 2, FALSE), "") -> FERROTEC DISTRIBUIDORA DE FERRO E ACO LTDA.
A161: 46244 | C161: 1573 | D161: 1573 | E161: 17244.54 | G161: 0 | J161: COMPRAS DE MERCADORIAS NESTA DATA | N161: =IFERROR(VLOOKUP(C161, Fornecedores!A:B, 2, FALSE), "") -> FERROTEC DISTRIBUIDORA DE FERRO E ACO LTDA.
A162: 46244 | C162: 1573 | D162: 1573 | E162: 555.46 | G162: 0 | J162: COMPRAS DE MERCADORIAS NESTA DATA | N162: =IFERROR(VLOOKUP(C162, Fornecedores!A:B, 2, FALSE), "") -> FERROTEC DISTRIBUIDORA DE FERRO E ACO LTDA.
A163: 46244 | C163: 1573 | D163: 1573 | E163: 1370 | G163: 0 | J163: COMPRAS DE MERCADORIAS NESTA DATA | N163: =IFERROR(VLOOKUP(C163, Fornecedores!A:B, 2, FALSE), "") -> FERROTEC DISTRIBUIDORA DE FERRO E ACO LTDA.
A164: 46244 | C164: 1610 | D164: 1610 | E164: 2830 | G164: 0 | J164: COMPRAS DE MERCADORIAS NESTA DATA | N164: =IFERROR(VLOOKUP(C164, Fornecedores!A:B, 2, FALSE), "") -> SANTA ROSA DISTRIBUIDORA DE CIMENTOS LTDA - ME
... A191: 46245 | C191: 5 | D191: 5 | E191: 85.68 | G191: 0 | J191: COMPRAS DE MERCADORIAS NESTA DATA | N191: =IFERROR(VLOOKUP(C191, Fornecedores!A:B, 2, FALSE), "")
A192: 46245 | C192: 1758 | D192: 519 | E192: 85.4 | G192: 0 | J192: COMPRAS DE MERCADORIAS NESTA DATA | N192: =IFERROR(VLOOKUP(D192, Fornecedores!A:B, 2, FALSE), "") -> ENCANEL COM. DE MAT. DE CONST. LTDA
A193: 46245 | C193: 1760 | D193: 519 | E193: 505.3 | G193: 0 | J193: COMPRAS DE MERCADORIAS NESTA DATA | N193: =IFERROR(VLOOKUP(D193, Fornecedores!A:B, 2, FALSE), "") -> ENCANEL COM. DE MAT. DE CONST. LTDA
A194: 46245 | C194: 2149 | D194: 520 | E194: 2138.65 | G194: 0 | J194: COMPRAS DE MERCADORIAS NESTA DATA | N194: =IFERROR(VLOOKUP(D194, Fornecedores!A:B, 2, FALSE), "") -> RENACOR COM. DE TINTAS LTDA (TAQUARALTO)
A195: 46245 | C195: 919 | D195: 526 | E195: 1348.42 | G195: 0 | J195: COMPRAS DE MERCADORIAS NESTA DATA | N195: =IFERROR(VLOOKUP(D195, Fornecedores!A:B, 2, FALSE), "") -> FERPAM COM. DE FERRAMENTAS PARAFUSOS E MAQUINAS LTDA
A196: 46245 | C196: 1024 | D196: 613 | E196: 149.5 | G196: 0 | J196: COMPRAS DE MERCADORIAS NESTA DATA | N196: =IFERROR(VLOOKUP(D196, Fornecedores!A:B, 2, FALSE), "") -> IRMAOS MEURER LTDA
A197: 46245 | C197: 1024 | D197: 613 | E197: 1050 | G197: 0 | J197: COMPRAS DE MERCADORIAS NESTA DATA | N197: =IFERROR(VLOOKUP(D197, Fornecedores!A:B, 2, FALSE), "") -> IRMAOS MEURER LTDA
A198: 46245 | C198: 1664 | D198: 655 | E198: 48242 | G198: 0 | J198: COMPRAS DE MERCADORIAS NESTA DATA | N198: =IFERROR(VLOOKUP(D198, Fornecedores!A:B, 2, FALSE), "") -> DIST. DE FERROS E ACO B-R LTDA
A199: 46245 | C199: 2125 | D199: 1295 | E199: 2296.7 | G199: 0 | J199: COMPRAS DE MERCADORIAS NESTA DATA | N199: =IFERROR(VLOOKUP(D199, Fornecedores!A:B, 2, FALSE), "") -> DIVIPLACAS COMERCIO E SERVICOS DE DIVISORIAS LTDA
A200: 46245 | C200: 1234 | D200: 1295 | E200: 6826.29 | G200: 0 | J200: COMPRAS DE MERCADORIAS NESTA DATA | N200: =IFERROR(VLOOKUP(D200, Fornecedores!A:B, 2, FALSE), "") -> DIVIPLACAS COMERCIO E SERVICOS DE DIVISORIAS LTDA
A201: 46245 | C201: 1234 | D201: 1295 | E201: 198.71 | G201: 0 | J201: COMPRAS DE MERCADORIAS NESTA DATA | N201: =IFERROR(VLOOKUP(D201, Fornecedores!A:B, 2, FALSE), "") -> DIVIPLACAS COMERCIO E SERVICOS DE DIVISORIAS LTDA
A202: 46245 | C202: 1181 | D202: 1364 | E202: 221 | G202: 0 | J202: COMPRAS DE MERCADORIAS NESTA DATA | N202: =IFERROR(VLOOKUP(D202, Fornecedores!A:B, 2, FALSE), "") -> CARAJAS DIST. DE EMBALAGENS E PROD.DE LIMPEZA LTDA
A203: 46245 | C203: 988 | D203: 1393 | E203: 124.2 | G203: 0 | J203: COMPRAS DE MERCADORIAS NESTA DATA | N203: =IFERROR(VLOOKUP(D203, Fornecedores!A:B, 2, FALSE), "") -> FERPAM COMERCIO DE BORRACHAS LTDA
... A220: 46245 | C220: 1027 | D220: 2202 | E220: 30 | G220: 0 | J220: COMPRAS DE MERCADORIAS NESTA DATA | N220: =IFERROR(VLOOKUP(D220, Fornecedores!A:B, 2, FALSE), "") -> J COELHO MODESTO LTDA ME
A221: 46246 | C221: 5 | D221: 5 | E221: 133.3 | G221: 0 | J221: COMPRAS DE MERCADORIAS NESTA DATA | N221: =IFERROR(VLOOKUP(C221, Fornecedores!A:B, 2, FALSE), "")
A222: 46246 | C222: 5 | D222: 5 | E222: 270 | G222: 0 | J222: COMPRAS DE MERCADORIAS NESTA DATA | N222: =IFERROR(VLOOKUP(C222, Fornecedores!A:B, 2, FALSE), "")
A223: 46246 | C223: 1021 | D223: 5 | E223: 42 | G223: 0 | J223: COMPRAS DE MERCADORIAS NESTA DATA | N223: =IFERROR(VLOOKUP(C223, Fornecedores!A:B, 2, FALSE), "")
A224: 46246 | C224: 1021 | D224: 5 | E224: 200 | G224: 0 | J224: COMPRAS DE MERCADORIAS NESTA DATA | N224: =IFERROR(VLOOKUP(C224, Fornecedores!A:B, 2, FALSE), "")
A225: 46246 | C225: 1021 | D225: 5 | E225: 180.4 | G225: 0 | J225: COMPRAS DE MERCADORIAS NESTA DATA | N225: =IFERROR(VLOOKUP(C225, Fornecedores!A:B, 2, FALSE), "")
A226: 46246 | C226: 1021 | D226: 5 | E226: 857 | G226: 0 | J226: COMPRAS DE MERCADORIAS NESTA DATA | N226: =IFERROR(VLOOKUP(C226, Fornecedores!A:B, 2, FALSE), "")
A227: 46246 | C227: 1021 | D227: 5 | E227: 40 | G227: 0 | J227: COMPRAS DE MERCADORIAS NESTA DATA | N227: =IFERROR(VLOOKUP(C227, Fornecedores!A:B, 2, FALSE), "")
A228: 46246 | C228: 1021 | D228: 5 | E228: 11 | G228: 0 | J228: COMPRAS DE MERCADORIAS NESTA DATA | N228: =IFERROR(VLOOKUP(C228, Fornecedores!A:B, 2, FALSE), "")
A229: 46246 | C229: 1021 | D229: 5 | E229: 187 | G229: 0 | J229: COMPRAS DE MERCADORIAS NESTA DATA | N229: =IFERROR(VLOOKUP(C229, Fornecedores!A:B, 2, FALSE), "")
A230: 46246 | C230: 1021 | D230: 5 | E230: 42 | G230: 0 | J230: COMPRAS DE MERCADORIAS NESTA DATA | N230: =IFERROR(VLOOKUP(C230, Fornecedores!A:B, 2, FALSE), "")
A231: 46246 | C231: 1021 | D231: 5 | E231: 111 | G231: 0 | J231: COMPRAS DE MERCADORIAS NESTA DATA | N231: =IFERROR(VLOOKUP(C231, Fornecedores!A:B, 2, FALSE), "")
A232: 46246 | C232: 5 | D232: 5 | E232: 269 | G232: 0 | J232: COMPRAS DE MERCADORIAS NESTA DATA | N232: =IFERROR(VLOOKUP(C232, Fornecedores!A:B, 2, FALSE), "")
... A237: 46246 | C237: 5 | D237: 5 | E237: 11360 | G237: 0 | J237: COMPRAS DE MERCADORIAS NESTA DATA | N237: =IFERROR(VLOOKUP(C237, Fornecedores!A:B, 2, FALSE), "")
A238: 46246 | C238: 1024 | D238: 520 | E238: 2935.68 | G238: 0 | J238: COMPRAS DE MERCADORIAS NESTA DATA | N238: =IFERROR(VLOOKUP(D238, Fornecedores!A:B, 2, FALSE), "") -> RENACOR COM. DE TINTAS LTDA (TAQUARALTO)
A239: 46246 | C239: 909 | D239: 526 | E239: 1506.6 | G239: 0 | J239: COMPRAS DE MERCADORIAS NESTA DATA | N239: =IFERROR(VLOOKUP(D239, Fornecedores!A:B, 2, FALSE), "") -> FERPAM COM. DE FERRAMENTAS PARAFUSOS E MAQUINAS LTDA
...
